{
	"credit": "Made with Blockbench",
	"parent": "honey_bottle",
	"texture_size": [32, 32],
	"textures": {
		"0": "item/honey_bottle/3",
		"2": "item/honey_bottle/1",
		"3": "item/honey_bottle/2",
		"particle": "item/honey_bottle/1"
	},
	"elements": [
		{
			"from": [5, 0, 7.1],
			"to": [9, 8.6, 11],
			"faces": {
				"north": {"uv": [0, 0, 2.5, 4.5], "texture": "#3"},
				"east": {"uv": [0, 4.5, 2, 9], "texture": "#3"},
				"south": {"uv": [2.5, 0, 5, 4.5], "texture": "#3"},
				"west": {"uv": [2, 4.5, 4, 9], "texture": "#3"},
				"up": {"uv": [7.5, 8, 4, 4.5], "texture": "#3"},
				"down": {"uv": [7.5, 0, 5, 2], "texture": "#3"}
			}
		},
		{
			"from": [6, 8.5, 7.9],
			"to": [8.7, 8.7, 8.1],
			"faces": {
				"north": {"uv": [2.5, 5, 3.5, 8.5], "texture": "#0"},
				"east": {"uv": [4, 6, 5, 7], "texture": "#0"},
				"south": {"uv": [3, 0.5, 4.5, 4], "texture": "#0"},
				"west": {"uv": [6, 5, 7, 6], "texture": "#0"},
				"up": {"uv": [1.5, 8.5, 0.5, 5], "texture": "#0"},
				"down": {"uv": [2, 0.5, 0.5, 4], "texture": "#0"}
			}
		},
		{
			"from": [8.5, 8.5, 7.9],
			"to": [8.7, 8.7, 10.2],
			"faces": {
				"north": {"uv": [6, 6, 7, 7], "texture": "#0"},
				"east": {"uv": [3, 0.5, 4.5, 4], "texture": "#0"},
				"south": {"uv": [0.5, 7.5, 1.5, 8.5], "texture": "#0"},
				"west": {"uv": [0.5, 0.5, 2, 4], "texture": "#0"},
				"up": {"uv": [3.5, 8.5, 2.5, 5], "texture": "#0"},
				"down": {"uv": [1.5, 5, 0.5, 7], "texture": "#0"}
			}
		},
		{
			"from": [6, 8.5, 10],
			"to": [8.7, 8.7, 10.2],
			"faces": {
				"north": {"uv": [3, 0, 6, 1], "texture": "#0"},
				"east": {"uv": [7, 0, 8, 1], "texture": "#0"},
				"south": {"uv": [3, 1, 6, 2], "texture": "#0"},
				"west": {"uv": [1, 7, 2, 8], "texture": "#0"},
				"up": {"uv": [6, 3, 3, 2], "texture": "#0"},
				"down": {"uv": [6, 3, 3, 4], "texture": "#0"}
			}
		},
		{
			"from": [5.8, 8.5, 7.9],
			"to": [6, 8.7, 10.2],
			"faces": {
				"north": {"uv": [6, 0.5, 7, 1.5], "texture": "#0"},
				"east": {"uv": [2.5, 5, 3.5, 8.5], "texture": "#0"},
				"south": {"uv": [0.5, 5, 1.5, 8.5], "texture": "#0"},
				"west": {"uv": [3, 0.5, 4.5, 4], "texture": "#0"},
				"up": {"uv": [2, 4, 0.5, 0.5], "texture": "#0"},
				"down": {"uv": [6.5, 5.5, 5.5, 7], "texture": "#0"}
			}
		},
		{
			"from": [6.2, 8.5, 9.3],
			"to": [7.2, 8.7, 9.6],
			"faces": {
				"north": {"uv": [7, 2, 8, 3], "texture": "#0"},
				"east": {"uv": [3, 7, 4, 8], "texture": "#0"},
				"south": {"uv": [7, 3, 8, 4], "texture": "#0"},
				"west": {"uv": [4, 7, 5, 8], "texture": "#0"},
				"up": {"uv": [8, 5, 7, 4], "texture": "#0"},
				"down": {"uv": [6, 7, 5, 8], "texture": "#0"}
			}
		},
		{
			"from": [6.2, 8.5, 8.8],
			"to": [6.5, 8.7, 9.4],
			"faces": {
				"north": {"uv": [7, 5, 8, 6], "texture": "#0"},
				"east": {"uv": [6, 7, 7, 8], "texture": "#0"},
				"south": {"uv": [7, 6, 8, 7], "texture": "#0"},
				"west": {"uv": [7, 7, 8, 8], "texture": "#0"},
				"up": {"uv": [1, 9, 0, 8], "texture": "#0"},
				"down": {"uv": [9, 0, 8, 1], "texture": "#0"}
			}
		},
		{
			"from": [6.2, 8.5, 8.6],
			"to": [7.2, 8.7, 8.9],
			"faces": {
				"north": {"uv": [1, 8, 2, 9], "texture": "#0"},
				"east": {"uv": [8, 1, 9, 2], "texture": "#0"},
				"south": {"uv": [2, 8, 3, 9], "texture": "#0"},
				"west": {"uv": [8, 2, 9, 3], "texture": "#0"},
				"up": {"uv": [4, 9, 3, 8], "texture": "#0"},
				"down": {"uv": [9, 3, 8, 4], "texture": "#0"}
			}
		},
		{
			"from": [7, 8.5, 8.8],
			"to": [7.2, 8.7, 9.4],
			"faces": {
				"north": {"uv": [6, 0, 7, 1], "texture": "#0"},
				"east": {"uv": [1, 6, 2, 7], "texture": "#0"},
				"south": {"uv": [6, 1, 7, 2], "texture": "#0"},
				"west": {"uv": [2, 6, 3, 7], "texture": "#0"},
				"up": {"uv": [7, 3, 6, 2], "texture": "#0"},
				"down": {"uv": [7, 3, 6, 4], "texture": "#0"}
			}
		},
		{
			"from": [7.2, 0.625, 6.99],
			"to": [8.4, 8.025, 10.19],
			"faces": {
				"north": {"uv": [7.75, 1.75, 9.5, 12.75], "texture": "#2"},
				"east": {"uv": [15.25, 1.75, 16, 12.75], "texture": "#2"},
				"south": {"uv": [8, 1.75, 9.5, 12.75], "texture": "#2"},
				"west": {"uv": [6.5, 1.75, 7.25, 12.75], "texture": "#2"},
				"up": {"uv": [14, 16, 10, 13.75], "texture": "#2"},
				"down": {"uv": [4, 14.75, 0, 16], "texture": "#2"}
			}
		},
		{
			"from": [4.9, 0.625, 7],
			"to": [9.1, 8.025, 11.1],
			"faces": {
				"north": {"uv": [6, 1.75, 7.75, 12.75], "texture": "#2"},
				"east": {"uv": [9.5, 1.75, 15.75, 12.75], "texture": "#2"},
				"south": {"uv": [6.25, 1.75, 7.75, 12.75], "texture": "#2"},
				"west": {"uv": [0, 1.75, 6.5, 12.75], "texture": "#2"},
				"up": {"uv": [10.75, 1.25, 6.75, 0], "texture": "#2"},
				"down": {"uv": [16, 0, 12, 0.75], "texture": "#2"}
			}
		},
		{
			"from": [7.2, 0.625, 7.91],
			"to": [8.4, 8.025, 11.11],
			"faces": {
				"north": {"uv": [8, 1.75, 9.5, 12.75], "texture": "#2"},
				"east": {"uv": [15.25, 1.75, 16, 12.75], "texture": "#2"},
				"south": {"uv": [7.75, 1.75, 9.5, 12.75], "texture": "#2"},
				"west": {"uv": [6.5, 1.75, 7.25, 12.75], "texture": "#2"},
				"up": {"uv": [13.25, 16, 9.25, 15.75], "texture": "#2"},
				"down": {"uv": [5.25, 14.75, 1.25, 16], "texture": "#2"}
			}
		}
	],
	"display": {
		"thirdperson_righthand": {
			"rotation": [0, 180, 0],
			"translation": [-3.25, 5, 0.25],
			"scale": [1, 1.01, 1]
		},
		"thirdperson_lefthand": {
			"translation": [-3, 6, -1.5],
			"scale": [1, 1.01, 1]
		},
		"firstperson_righthand": {
			"rotation": [0, 180, 0],
			"translation": [0, 5, 2.25]
		},
		"firstperson_lefthand": {
			"rotation": [0, -180, 0],
			"translation": [0, 5, 2.25]
		},
		"ground": {
			"translation": [1.25, 4.25, -0.25]
		},
		"gui": {
			"rotation": [0, 137, 27],
			"translation": [0.75, 7.5, 0],
			"scale": [2, 2, 2]
		},
		"head": {
			"translation": [1, 14, -1]
		},
		"fixed": {
			"rotation": [0, 90, 0],
			"translation": [-1.75, 7.5, 0],
			"scale": [2, 2, 2]
		}
	},
	"groups": [
		0,
		{
			"name": "group",
			"origin": [0, 0, 0],
			"color": 0,
			"children": [1, 2, 3, 4, 5, 6, 7, 8]
		},
		{
			"name": "group",
			"origin": [0, 0, 0],
			"color": 0,
			"children": [9, 10, 11]
		}
	]
}