{
	"credit": "",
	"texture_size": [32, 32],
	"textures": {
		"0": "item/mace/heavy_core.png",
		"1": "item/mace/mace_road.png",
		"2": "item/mace/point.png",
		"3": "item/mace/core_stick.png",
		"4": "item/mace/bum.png"
	},
	"elements": [
		{
			"from": [4, 16, 5],
			"to": [12, 24, 11],
			"rotation": {"angle": 0, "axis": "y", "origin": [8, 16, 8]},
			"faces": {
				"north": {"uv": [0, 8, 8, 16], "texture": "#0"},
				"east": {"uv": [0, 8, 8, 16], "texture": "#0"},
				"south": {"uv": [0, 8, 8, 16], "texture": "#0"},
				"west": {"uv": [0, 8, 8, 16], "texture": "#0"},
				"up": {"uv": [8, 8, 0, 0], "texture": "#0"},
				"down": {"uv": [16, 0, 8, 8], "texture": "#0"}
			}
		},
		{
			"from": [7, 0, 7],
			"to": [9, 16, 9],
			"rotation": {"angle": 0, "axis": "y", "origin": [8, 0, 8]},
			"faces": {
				"north": {"uv": [0, 1.5, 1, 9.5], "texture": "#1"},
				"east": {"uv": [1, 2, 2, 10], "texture": "#1"},
				"south": {"uv": [3, 0, 4, 8], "texture": "#1"},
				"west": {"uv": [2, 0, 3, 8], "texture": "#1"},
				"up": {"uv": [5, 1, 4, 0], "texture": "#1"},
				"down": {"uv": [5, 1, 4, 2], "texture": "#1"}
			}
		},
		{
			"from": [6.5, -1.5, 6.5],
			"to": [9.5, 10.5, 9.5],
			"rotation": {"angle": 0, "axis": "y", "origin": [8, 0, 6.5]},
			"faces": {
				"north": {"uv": [6, 9, 15, 6], "rotation": 90, "texture": "#2"},
				"east": {"uv": [6, 3, 15, 6], "rotation": 90, "texture": "#2"},
				"south": {"uv": [6, 16, 3, 7], "texture": "#2"},
				"west": {"uv": [6, 0, 15, 3], "rotation": 90, "texture": "#2"},
				"up": {"uv": [3, 0, 6, 3], "rotation": 180, "texture": "#2"},
				"down": {"uv": [0, 3, 3, 6], "texture": "#2"}
			}
		},
		{
			"from": [4.5, 16.5, 2],
			"to": [11.5, 23.5, 14],
			"rotation": {"angle": 0, "axis": "y", "origin": [8, 19, 13]},
			"faces": {
				"north": {"uv": [4, 4, 6, 6], "texture": "#3"},
				"east": {"uv": [0, 0, 6, 2], "texture": "#3"},
				"south": {"uv": [6, 0, 8, 2], "texture": "#3"},
				"west": {"uv": [0, 2, 6, 4], "texture": "#3"},
				"up": {"uv": [2, 10, 0, 4], "texture": "#3"},
				"down": {"uv": [6, 9, 2, 10], "texture": "#4"}
			}
		},
		{
			"from": [4, 16, 0],
			"to": [12, 24, 2],
			"rotation": {"angle": 0, "axis": "y", "origin": [8, 19, 1]},
			"faces": {
				"north": {"uv": [0, 0, 4.5, 5], "texture": "#4"},
				"east": {"uv": [0, 5, 1, 10], "texture": "#4"},
				"south": {"uv": [4.5, 0, 9, 5], "texture": "#4"},
				"west": {"uv": [1, 5, 2, 10], "texture": "#4"},
				"up": {"uv": [6.5, 6, 2, 5], "texture": "#4"},
				"down": {"uv": [6.5, 6, 2, 7], "texture": "#4"}
			}
		},
		{
			"from": [4, 16, 14],
			"to": [12, 24, 16],
			"rotation": {"angle": 0, "axis": "y", "origin": [8, 19, 15]},
			"faces": {
				"north": {"uv": [4.5, 0, 9, 5], "texture": "#4"},
				"east": {"uv": [0, 5, 1, 10], "texture": "#4"},
				"south": {"uv": [0, 0, 4.5, 5], "texture": "#4"},
				"west": {"uv": [1, 5, 2, 10], "texture": "#4"},
				"up": {"uv": [6.5, 6, 2, 5], "texture": "#4"},
				"down": {"uv": [6.5, 6, 2, 7], "texture": "#4"}
			}
		}
	],
	"display": {
		"thirdperson_righthand": {
			"translation": [0, 1.5, 1.25],
			"scale": [0.75, 0.75, 0.75]
		},
		"thirdperson_lefthand": {
			"translation": [0, 4, 1.25],
			"scale": [0.75, 0.75, 0.75]
		},
		"firstperson_righthand": {
			"rotation": [-4, 0, 0],
			"translation": [1.5, 1.5, 1],
			"scale": [0.75, 0.75, 0.75]
		},
		"firstperson_lefthand": {
			"rotation": [-4, 0, 0],
			"translation": [1.5, 1.5, 1],
			"scale": [0.75, 0.75, 0.75]
		},
		"ground": {
			"rotation": [90, 90, 0],
			"translation": [0, 2.25, 0],
			"scale": [1, 1, 1]
		},
		"gui": {
			"rotation": [90, 44.75, -90],
			"translation": [-3, -3, 0],
			"scale": [0.75, 0.75, 0.75]
		},
		"head": {
			"translation": [0, 13.75, 0],
			"scale": [0.8, 0.8, 0.8]
		},
		"fixed": {
			"rotation": [0, 90, 0],
			"translation": [0, -2, 0],
			"scale": [0.65, 0.65, 0.65]
		}
	}
}