{
	"credit": "Made with Blockbench",
	"textures": {
		"0": "item/1",
		"particle": "item/1"
	},
	"elements": [
		{
			"from": [7, 1, 7],
			"to": [9, 8, 9],
			"rotation": {"angle": 0, "axis": "y", "origin": [7, 1, 7]},
			"faces": {
				"north": {"uv": [4, 0, 6, 7], "texture": "#0"},
				"east": {"uv": [6, 0, 8, 7], "texture": "#0"},
				"south": {"uv": [4, 7, 6, 14], "texture": "#0"},
				"west": {"uv": [6, 7, 8, 14], "texture": "#0"},
				"up": {"uv": [10, 2, 8, 0], "texture": "#0"},
				"down": {"uv": [10, 2, 8, 4], "texture": "#0"}
			}
		},
		{
			"from": [7, 9.15, 4.2],
			"to": [9, 10.15, 5.2],
			"rotation": {"angle": 22.5, "axis": "x", "origin": [7, 2, 3.2]},
			"faces": {
				"north": {"uv": [10, 8, 12, 9], "texture": "#0"},
				"east": {"uv": [0, 14, 1, 15], "texture": "#0"},
				"south": {"uv": [10, 9, 12, 10], "texture": "#0"},
				"west": {"uv": [14, 0, 15, 1], "texture": "#0"},
				"up": {"uv": [12, 11, 10, 10], "texture": "#0"},
				"down": {"uv": [12, 11, 10, 12], "texture": "#0"}
			}
		},
		{
			"from": [7, 8, 11],
			"to": [9, 9, 12],
			"rotation": {"angle": -22.5, "axis": "x", "origin": [7, 1, 10]},
			"faces": {
				"north": {"uv": [0, 12, 2, 13], "texture": "#0"},
				"east": {"uv": [1, 14, 2, 15], "texture": "#0"},
				"south": {"uv": [12, 0, 14, 1], "texture": "#0"},
				"west": {"uv": [14, 1, 15, 2], "texture": "#0"},
				"up": {"uv": [14, 2, 12, 1], "texture": "#0"},
				"down": {"uv": [4, 12, 2, 13], "texture": "#0"}
			}
		},
		{
			"from": [3, 8, 7],
			"to": [5, 9, 9],
			"rotation": {"angle": -22.5, "axis": "z", "origin": [5, 2, 7]},
			"faces": {
				"north": {"uv": [12, 2, 14, 3], "texture": "#0"},
				"east": {"uv": [12, 3, 14, 4], "texture": "#0"},
				"south": {"uv": [12, 4, 14, 5], "texture": "#0"},
				"west": {"uv": [12, 5, 14, 6], "texture": "#0"},
				"up": {"uv": [10, 6, 8, 4], "texture": "#0"},
				"down": {"uv": [10, 6, 8, 8], "texture": "#0"}
			}
		},
		{
			"from": [-1, 10, 7],
			"to": [1, 11, 9],
			"rotation": {"angle": -45, "axis": "z", "origin": [1, 4, 7]},
			"faces": {
				"north": {"uv": [12, 6, 14, 7], "texture": "#0"},
				"east": {"uv": [12, 7, 14, 8], "texture": "#0"},
				"south": {"uv": [8, 12, 10, 13], "texture": "#0"},
				"west": {"uv": [12, 8, 14, 9], "texture": "#0"},
				"up": {"uv": [10, 10, 8, 8], "texture": "#0"},
				"down": {"uv": [12, 0, 10, 2], "texture": "#0"}
			}
		},
		{
			"from": [15, 10, 7],
			"to": [17, 11, 9],
			"rotation": {"angle": 45, "axis": "z", "origin": [15, 4, 7]},
			"faces": {
				"north": {"uv": [12, 9, 14, 10], "texture": "#0"},
				"east": {"uv": [10, 12, 12, 13], "texture": "#0"},
				"south": {"uv": [12, 10, 14, 11], "texture": "#0"},
				"west": {"uv": [12, 11, 14, 12], "texture": "#0"},
				"up": {"uv": [12, 4, 10, 2], "texture": "#0"},
				"down": {"uv": [12, 4, 10, 6], "texture": "#0"}
			}
		},
		{
			"from": [11, 8, 7],
			"to": [13, 9, 9],
			"rotation": {"angle": 22.5, "axis": "z", "origin": [11, 2, 7]},
			"faces": {
				"north": {"uv": [12, 12, 14, 13], "texture": "#0"},
				"east": {"uv": [0, 13, 2, 14], "texture": "#0"},
				"south": {"uv": [2, 13, 4, 14], "texture": "#0"},
				"west": {"uv": [8, 13, 10, 14], "texture": "#0"},
				"up": {"uv": [12, 8, 10, 6], "texture": "#0"},
				"down": {"uv": [10, 10, 8, 12], "texture": "#0"}
			}
		},
		{
			"from": [7, 9, 8],
			"to": [9, 24, 8],
			"rotation": {"angle": 0, "axis": "y", "origin": [7, 2, 7]},
			"faces": {
				"north": {"uv": [0, 0, 2, 12], "texture": "#0"},
				"east": {"uv": [0, 0, 0, 12], "texture": "#0"},
				"south": {"uv": [2, 0, 4, 12], "texture": "#0"},
				"west": {"uv": [0, 0, 0, 12], "texture": "#0"},
				"up": {"uv": [2, 0, 0, 0], "texture": "#0"},
				"down": {"uv": [2, 0, 0, 0], "texture": "#0"}
			}
		},
		{
			"from": [6, 20.5, 8],
			"to": [7, 22.5, 8],
			"rotation": {"angle": -22.5, "axis": "z", "origin": [15, 20, 7]},
			"faces": {
				"north": {"uv": [10, 13, 11, 15], "texture": "#0"},
				"east": {"uv": [0, 0, 0, 2], "texture": "#0"},
				"south": {"uv": [11, 13, 12, 15], "texture": "#0"},
				"west": {"uv": [0, 0, 0, 2], "texture": "#0"},
				"up": {"uv": [1, 0, 0, 0], "texture": "#0"},
				"down": {"uv": [1, 0, 0, 0], "texture": "#0"}
			}
		},
		{
			"from": [9, 20.5, 8],
			"to": [10, 22.5, 8],
			"rotation": {"angle": 22.5, "axis": "z", "origin": [1, 20, 7]},
			"faces": {
				"north": {"uv": [12, 13, 13, 15], "texture": "#0"},
				"east": {"uv": [0, 0, 0, 2], "texture": "#0"},
				"south": {"uv": [13, 13, 14, 15], "texture": "#0"},
				"west": {"uv": [0, 0, 0, 2], "texture": "#0"},
				"up": {"uv": [1, 0, 0, 0], "texture": "#0"},
				"down": {"uv": [1, 0, 0, 0], "texture": "#0"}
			}
		}
	],
	"display": {
		"thirdperson_righthand": {
			"rotation": [0, -90, 0],
			"translation": [0, 1, 0.25]
		},
		"thirdperson_lefthand": {
			"rotation": [0, -90, 0],
			"translation": [0, 1, 0.25]
		},
		"firstperson_righthand": {
			"rotation": [180, -90, 180],
			"translation": [0, 1, 0],
			"scale": [0.85938, 0.88086, 1]
		},
		"firstperson_lefthand": {
			"rotation": [0, 90, 0],
			"translation": [0, 1, 0],
			"scale": [0.86328, 0.88086, 1]
		},
		"ground": {
			"rotation": [90, 1, 2],
			"translation": [0, -2.75, -4.25]
		},
		"gui": {
			"rotation": [0, 0, -45],
			"translation": [-3, -3, 0],
			"scale": [0.89844, 0.85742, 1]
		},
		"head": {
			"translation": [0, -0.25, 0],
			"scale": [0, 0, 0]
		},
		"fixed": {
			"rotation": [0, 1, 45],
			"translation": [3.5, -3.5, 0]
		}
	},
	"groups": [
		{
			"name": "Linked Sword",
			"origin": [8, 8, 8],
			"color": 0,
			"children": [
				{
					"name": "handle",
					"origin": [8, 8, 8],
					"color": 1,
					"children": [0, 1, 2, 3, 4, 5, 6]
				},
				{
					"name": "blade",
					"origin": [8, 8, 8],
					"color": 9,
					"children": [7, 8, 9]
				}
			]
		}
	]
}